window,k,strategy,split,n,mean_block_rate,median_block_rate
time:1h,1,random,all,4203,0.0059,0.0
time:1h,1,random,rumor,2065,0.0109,0.0007
time:1h,1,random,nonrumor,2138,0.0011,0.0
time:1h,1,earliest,all,4203,0.0117,0.0
time:1h,1,earliest,rumor,2065,0.0214,0.0
time:1h,1,earliest,nonrumor,2138,0.0024,0.0
time:1h,1,followers,all,4203,0.0431,0.0
time:1h,1,followers,rumor,2065,0.0531,0.0006
time:1h,1,followers,nonrumor,2138,0.0335,0.0
time:1h,1,outdegree_obs,all,4203,0.053,0.0023
time:1h,1,outdegree_obs,rumor,2065,0.069,0.0079
time:1h,1,outdegree_obs,nonrumor,2138,0.0376,0.0
time:1h,1,greedy_oracle,all,4203,0.0791,0.023
time:1h,1,greedy_oracle,rumor,2065,0.1029,0.0381
time:1h,1,greedy_oracle,nonrumor,2138,0.0561,0.0143
time:1h,5,random,all,4203,0.022,0.0017
time:1h,5,random,rumor,2065,0.0382,0.0087
time:1h,5,random,nonrumor,2138,0.0063,0.0
time:1h,5,earliest,all,4203,0.0311,0.0
time:1h,5,earliest,rumor,2065,0.055,0.0034
time:1h,5,earliest,nonrumor,2138,0.0081,0.0
time:1h,5,followers,all,4203,0.0762,0.0115
time:1h,5,followers,rumor,2065,0.0993,0.0233
time:1h,5,followers,nonrumor,2138,0.054,0.0054
time:1h,5,outdegree_obs,all,4203,0.0793,0.013
time:1h,5,outdegree_obs,rumor,2065,0.1055,0.0278
time:1h,5,outdegree_obs,nonrumor,2138,0.054,0.0046
time:1h,5,greedy_oracle,all,4203,0.1181,0.0444
time:1h,5,greedy_oracle,rumor,2065,0.1548,0.08
time:1h,5,greedy_oracle,nonrumor,2138,0.0827,0.029
time:1h,10,random,all,4203,0.0331,0.0042
time:1h,10,random,rumor,2065,0.0571,0.0177
time:1h,10,random,nonrumor,2138,0.0099,0.001
time:1h,10,earliest,all,4203,0.0442,0.0001
time:1h,10,earliest,rumor,2065,0.0763,0.0135
time:1h,10,earliest,nonrumor,2138,0.0133,0.0
time:1h,10,followers,all,4203,0.0888,0.0196
time:1h,10,followers,rumor,2065,0.117,0.0367
time:1h,10,followers,nonrumor,2138,0.0615,0.0106
time:1h,10,outdegree_obs,all,4203,0.0886,0.0176
time:1h,10,outdegree_obs,rumor,2065,0.1199,0.0397
time:1h,10,outdegree_obs,nonrumor,2138,0.0584,0.0072
time:1h,10,greedy_oracle,all,4203,0.1271,0.0496
time:1h,10,greedy_oracle,rumor,2065,0.1672,0.0919
time:1h,10,greedy_oracle,nonrumor,2138,0.0883,0.0317
time:6h,1,random,all,3540,0.0042,0.0
time:6h,1,random,rumor,1844,0.0073,0.0
time:6h,1,random,nonrumor,1696,0.0008,0.0
time:6h,1,earliest,all,3540,0.0099,0.0
time:6h,1,earliest,rumor,1844,0.0178,0.0
time:6h,1,earliest,nonrumor,1696,0.0013,0.0
time:6h,1,followers,all,3540,0.0575,0.0
time:6h,1,followers,rumor,1844,0.0636,0.0
time:6h,1,followers,nonrumor,1696,0.051,0.0
time:6h,1,outdegree_obs,all,3540,0.0744,0.0061
time:6h,1,outdegree_obs,rumor,1844,0.0846,0.0109
time:6h,1,outdegree_obs,nonrumor,1696,0.0633,0.0015
time:6h,1,greedy_oracle,all,3540,0.1176,0.0461
time:6h,1,greedy_oracle,rumor,1844,0.1368,0.0694
time:6h,1,greedy_oracle,nonrumor,1696,0.0966,0.0323
time:6h,5,random,all,3540,0.0178,0.0011
time:6h,5,random,rumor,1844,0.0297,0.006
time:6h,5,random,nonrumor,1696,0.005,0.0
time:6h,5,earliest,all,3540,0.0265,0.0
time:6h,5,earliest,rumor,1844,0.0454,0.0
time:6h,5,earliest,nonrumor,1696,0.0059,0.0
time:6h,5,followers,all,3540,0.0977,0.0167
time:6h,5,followers,rumor,1844,0.11,0.025
time:6h,5,followers,nonrumor,1696,0.0844,0.0107
time:6h,5,outdegree_obs,all,3540,0.1153,0.0292
time:6h,5,outdegree_obs,rumor,1844,0.133,0.0456
time:6h,5,outdegree_obs,nonrumor,1696,0.096,0.0167
time:6h,5,greedy_oracle,all,3540,0.19,0.1016
time:6h,5,greedy_oracle,rumor,1844,0.2294,0.1493
time:6h,5,greedy_oracle,nonrumor,1696,0.1471,0.0705
time:6h,10,random,all,3540,0.0293,0.0038
time:6h,10,random,rumor,1844,0.0481,0.0143
time:6h,10,random,nonrumor,1696,0.0089,0.0003
time:6h,10,earliest,all,3540,0.0392,0.0
time:6h,10,earliest,rumor,1844,0.0659,0.0049
time:6h,10,earliest,nonrumor,1696,0.0101,0.0
time:6h,10,followers,all,3540,0.1158,0.0294
time:6h,10,followers,rumor,1844,0.1333,0.0448
time:6h,10,followers,nonrumor,1696,0.0968,0.0184
time:6h,10,outdegree_obs,all,3540,0.1289,0.0389
time:6h,10,outdegree_obs,rumor,1844,0.1516,0.064
time:6h,10,outdegree_obs,nonrumor,1696,0.1042,0.0225
time:6h,10,greedy_oracle,all,3540,0.2091,0.1148
time:6h,10,greedy_oracle,rumor,1844,0.2554,0.1787
time:6h,10,greedy_oracle,nonrumor,1696,0.1589,0.0833
time:24h,1,random,all,2336,0.0026,0.0
time:24h,1,random,rumor,1287,0.004,0.0
time:24h,1,random,nonrumor,1049,0.0008,0.0
time:24h,1,earliest,all,2336,0.0079,0.0
time:24h,1,earliest,rumor,1287,0.013,0.0
time:24h,1,earliest,nonrumor,1049,0.0016,0.0
time:24h,1,followers,all,2336,0.0727,0.0
time:24h,1,followers,rumor,1287,0.0676,0.0
time:24h,1,followers,nonrumor,1049,0.0789,0.0
time:24h,1,outdegree_obs,all,2336,0.093,0.0093
time:24h,1,outdegree_obs,rumor,1287,0.0898,0.0094
time:24h,1,outdegree_obs,nonrumor,1049,0.0969,0.0088
time:24h,1,greedy_oracle,all,2336,0.1691,0.0909
time:24h,1,greedy_oracle,rumor,1287,0.1793,0.1053
time:24h,1,greedy_oracle,nonrumor,1049,0.1565,0.069
time:24h,5,random,all,2336,0.0128,0.0
time:24h,5,random,rumor,1287,0.0192,0.0021
time:24h,5,random,nonrumor,1049,0.005,0.0
time:24h,5,earliest,all,2336,0.0216,0.0
time:24h,5,earliest,rumor,1287,0.0335,0.0
time:24h,5,earliest,nonrumor,1049,0.007,0.0
time:24h,5,followers,all,2336,0.1189,0.023
time:24h,5,followers,rumor,1287,0.1157,0.0241
time:24h,5,followers,nonrumor,1049,0.1228,0.0208
time:24h,5,outdegree_obs,all,2336,0.1482,0.05
time:24h,5,outdegree_obs,rumor,1287,0.1487,0.0568
time:24h,5,outdegree_obs,nonrumor,1049,0.1476,0.0417
time:24h,5,greedy_oracle,all,2336,0.2915,0.2029
time:24h,5,greedy_oracle,rumor,1287,0.3257,0.25
time:24h,5,greedy_oracle,nonrumor,1049,0.2495,0.1538
time:24h,10,random,all,2336,0.0237,0.003
time:24h,10,random,rumor,1287,0.0347,0.0085
time:24h,10,random,nonrumor,1049,0.0102,0.0
time:24h,10,earliest,all,2336,0.0323,0.0
time:24h,10,earliest,rumor,1287,0.0494,0.0
time:24h,10,earliest,nonrumor,1049,0.0112,0.0
time:24h,10,followers,all,2336,0.1372,0.0377
time:24h,10,followers,rumor,1287,0.1367,0.0417
time:24h,10,followers,nonrumor,1049,0.1378,0.0338
time:24h,10,outdegree_obs,all,2336,0.1664,0.0709
time:24h,10,outdegree_obs,rumor,1287,0.1705,0.0792
time:24h,10,outdegree_obs,nonrumor,1049,0.1614,0.05
time:24h,10,greedy_oracle,all,2336,0.3276,0.2407
time:24h,10,greedy_oracle,rumor,1287,0.3712,0.3052
time:24h,10,greedy_oracle,nonrumor,1049,0.274,0.1818
prefix:20,1,random,all,4435,0.0072,0.0
prefix:20,1,random,rumor,2162,0.0132,0.0011
prefix:20,1,random,nonrumor,2273,0.0016,0.0
prefix:20,1,earliest,all,4435,0.0131,0.0
prefix:20,1,earliest,rumor,2162,0.0237,0.0
prefix:20,1,earliest,nonrumor,2273,0.003,0.0
prefix:20,1,followers,all,4435,0.0413,0.0
prefix:20,1,followers,rumor,2162,0.067,0.0012
prefix:20,1,followers,nonrumor,2273,0.0169,0.0
prefix:20,1,outdegree_obs,all,4435,0.0433,0.0
prefix:20,1,outdegree_obs,rumor,2162,0.0737,0.0025
prefix:20,1,outdegree_obs,nonrumor,2273,0.0143,0.0
prefix:20,1,greedy_oracle,all,4435,0.0653,0.0066
prefix:20,1,greedy_oracle,rumor,2162,0.1103,0.0274
prefix:20,1,greedy_oracle,nonrumor,2273,0.0224,0.0009
prefix:20,5,random,all,4435,0.0314,0.002
prefix:20,5,random,rumor,2162,0.0549,0.0125
prefix:20,5,random,nonrumor,2273,0.0091,0.0
prefix:20,5,earliest,all,4435,0.0366,0.0
prefix:20,5,earliest,rumor,2162,0.0651,0.0052
prefix:20,5,earliest,nonrumor,2273,0.0094,0.0
prefix:20,5,followers,all,4435,0.0646,0.0043
prefix:20,5,followers,rumor,2162,0.1086,0.0222
prefix:20,5,followers,nonrumor,2273,0.0229,0.0
prefix:20,5,outdegree_obs,all,4435,0.0593,0.0002
prefix:20,5,outdegree_obs,rumor,2162,0.1033,0.0157
prefix:20,5,outdegree_obs,nonrumor,2273,0.0175,0.0
prefix:20,5,greedy_oracle,all,4435,0.0824,0.0095
prefix:20,5,greedy_oracle,rumor,2162,0.1417,0.0502
prefix:20,5,greedy_oracle,nonrumor,2273,0.026,0.0012
prefix:20,10,random,all,4435,0.0507,0.0052
prefix:20,10,random,rumor,2162,0.0886,0.0283
prefix:20,10,random,nonrumor,2273,0.0146,0.0006
prefix:20,10,earliest,all,4435,0.0544,0.0026
prefix:20,10,earliest,rumor,2162,0.0957,0.0189
prefix:20,10,earliest,nonrumor,2273,0.0151,0.0
prefix:20,10,followers,all,4435,0.0747,0.0068
prefix:20,10,followers,rumor,2162,0.1274,0.0355
prefix:20,10,followers,nonrumor,2273,0.0245,0.0002
prefix:20,10,outdegree_obs,all,4435,0.0661,0.0036
prefix:20,10,outdegree_obs,rumor,2162,0.1146,0.0255
prefix:20,10,outdegree_obs,nonrumor,2273,0.0199,0.0
prefix:20,10,greedy_oracle,all,4435,0.0831,0.0095
prefix:20,10,greedy_oracle,rumor,2162,0.143,0.051
prefix:20,10,greedy_oracle,nonrumor,2273,0.026,0.0012
prefix:50,1,random,all,4084,0.0049,0.0
prefix:50,1,random,rumor,1937,0.009,0.0005
prefix:50,1,random,nonrumor,2147,0.0013,0.0
prefix:50,1,earliest,all,4084,0.011,0.0
prefix:50,1,earliest,rumor,1937,0.0198,0.0
prefix:50,1,earliest,nonrumor,2147,0.003,0.0
prefix:50,1,followers,all,4084,0.0506,0.0
prefix:50,1,followers,rumor,1937,0.076,0.0017
prefix:50,1,followers,nonrumor,2147,0.0276,0.0
prefix:50,1,outdegree_obs,all,4084,0.0571,0.0
prefix:50,1,outdegree_obs,rumor,1937,0.092,0.0079
prefix:50,1,outdegree_obs,nonrumor,2147,0.0257,0.0
prefix:50,1,greedy_oracle,all,4084,0.0831,0.0138
prefix:50,1,greedy_oracle,rumor,1937,0.1325,0.0463
prefix:50,1,greedy_oracle,nonrumor,2147,0.0386,0.0046
prefix:50,5,random,all,4084,0.0202,0.0022
prefix:50,5,random,rumor,1937,0.0353,0.0111
prefix:50,5,random,nonrumor,2147,0.0066,0.0003
prefix:50,5,earliest,all,4084,0.0302,0.0
prefix:50,5,earliest,rumor,1937,0.054,0.0021
prefix:50,5,earliest,nonrumor,2147,0.0087,0.0
prefix:50,5,followers,all,4084,0.0777,0.0069
prefix:50,5,followers,rumor,1937,0.1227,0.0272
prefix:50,5,followers,nonrumor,2147,0.0371,0.0014
prefix:50,5,outdegree_obs,all,4084,0.0803,0.0037
prefix:50,5,outdegree_obs,rumor,1937,0.1325,0.0347
prefix:50,5,outdegree_obs,nonrumor,2147,0.0332,0.0
prefix:50,5,greedy_oracle,all,4084,0.1165,0.0263
prefix:50,5,greedy_oracle,rumor,1937,0.1917,0.0986
prefix:50,5,greedy_oracle,nonrumor,2147,0.0486,0.0076
prefix:50,10,random,all,4084,0.0331,0.0047
prefix:50,10,random,rumor,1937,0.0575,0.0213
prefix:50,10,random,nonrumor,2147,0.011,0.0011
prefix:50,10,earliest,all,4084,0.0441,0.0007
prefix:50,10,earliest,rumor,1937,0.0777,0.0117
prefix:50,10,earliest,nonrumor,2147,0.0137,0.0
prefix:50,10,followers,all,4084,0.09,0.0123
prefix:50,10,followers,rumor,1937,0.1439,0.046
prefix:50,10,followers,nonrumor,2147,0.0415,0.0034
prefix:50,10,outdegree_obs,all,4084,0.0879,0.0065
prefix:50,10,outdegree_obs,rumor,1937,0.1468,0.0463
prefix:50,10,outdegree_obs,nonrumor,2147,0.0348,0.0
prefix:50,10,greedy_oracle,all,4084,0.1211,0.028
prefix:50,10,greedy_oracle,rumor,1937,0.2007,0.1078
prefix:50,10,greedy_oracle,nonrumor,2147,0.0493,0.0077
